COUNTY,MUN_LABEL,CENSUS2010,GISJOIN,GISJOIN2
MONMOUTH,Aberdeen Township,3402500070,G3402500070,G340025000070
ATLANTIC,Absecon City,3400100100,G3400100100,G340001000100
HUNTERDON,Alexandria Township,3401900550,G3401900550,G340019000550
WARREN,Allamuchy Township,3404100670,G3404100670,G340041000670
BERGEN,Allendale Borough,3400300700,G3400300700,G340003000700
MONMOUTH,Allenhurst Borough,3402500730,G3402500730,G340025000730
MONMOUTH,Allentown Borough,3402500760,G3402500760,G340025000760
SALEM,Alloway Township,3403300880,G3403300880,G340033000880
WARREN,Alpha Borough,3404101030,G3404101030,G340041001030
BERGEN,Alpine Borough,3400301090,G3400301090,G340003001090
SUSSEX,Andover Borough,3403701330,G3403701330,G340037001330
SUSSEX,Andover Township,3403701360,G3403701360,G340037001360
MONMOUTH,Asbury Park City,3402501960,G3402501960,G340025001960
ATLANTIC,Atlantic City City,3400102080,G3400102080,G340001002080
MONMOUTH,Atlantic Highlands Borough,3402502110,G3402502110,G340025002110
CAMDEN,Audubon Borough,3400702200,G3400702200,G340007002200
CAMDEN,Audubon Park Borough,3400702230,G3400702230,G340007002230
CAPE MAY,Avalon Borough,3400902320,G3400902320,G340009002320
MONMOUTH,Avon-By-The-Sea Borough,3402502440,G3402502440,G340025002440
OCEAN,Barnegat Light Borough,3402903130,G3402903130,G340029003130
OCEAN,Barnegat Township,3402903050,G3402903050,G340029003050
CAMDEN,Barrington Borough,3400703250,G3400703250,G340007003250
BURLINGTON,Bass River Township,3400503370,G3400503370,G340005003370
OCEAN,Bay Head Borough,3402903520,G3402903520,G340029003520
HUDSON,Bayonne City,3401703580,G3401703580,G340017003580
OCEAN,Beach Haven Borough,3402903940,G3402903940,G340029003940
OCEAN,Beachwood Borough,3402904180,G3402904180,G340029004180
SOMERSET,Bedminster Township,3403504450,G3403504450,G340035004450
ESSEX,Belleville Township,3401304695,G3401304695,G340013004695
CAMDEN,Bellmawr Borough,3400704750,G3400704750,G340007004750
MONMOUTH,Belmar Borough,3402504930,G3402504930,G340025004930
WARREN,Belvidere Town,3404104990,G3404104990,G340041004990
BERGEN,Bergenfield Borough,3400305170,G3400305170,G340003005170
UNION,Berkeley Heights Township,3403905320,G3403905320,G340039005320
OCEAN,Berkeley Township,3402905305,G3402905305,G340029005305
CAMDEN,Berlin Borough,3400705440,G3400705440,G340007005440
CAMDEN,Berlin Township,3400705470,G3400705470,G340007005470
SOMERSET,Bernards Township,3403505560,G3403505560,G340035005560
SOMERSET,Bernardsville Borough,3403505590,G3403505590,G340035005590
HUNTERDON,Bethlehem Township,3401905650,G3401905650,G340019005650
BURLINGTON,Beverly City,3400505740,G3400505740,G340005005740
WARREN,Blairstown Township,3404106160,G3404106160,G340041006160
ESSEX,Bloomfield Township,3401306260,G3401306260,G340013006260
PASSAIC,Bloomingdale Borough,3403106340,G3403106340,G340031006340
HUNTERDON,Bloomsbury Borough,3401906370,G3401906370,G340019006370
BERGEN,Bogota Borough,3400306490,G3400306490,G340003006490
MORRIS,Boonton Town,3402706610,G3402706610,G340027006610
MORRIS,Boonton Township,3402706640,G3402706640,G340027006640
BURLINGTON,Bordentown City,3400506670,G3400506670,G340005006670
BURLINGTON,Bordentown Township,3400506700,G3400506700,G340005006700
SOMERSET,Bound Brook Borough,3403506790,G3403506790,G340035006790
MONMOUTH,Bradley Beach Borough,3402506970,G3402506970,G340025006970
SOMERSET,Branchburg Township,3403507180,G3403507180,G340035007180
SUSSEX,Branchville Borough,3403707300,G3403707300,G340037007300
OCEAN,Brick Township,3402907420,G3402907420,G340029007420
CUMBERLAND,Bridgeton City,3401107600,G3401107600,G340011007600
SOMERSET,Bridgewater Township,3403507720,G3403507720,G340035007720
MONMOUTH,Brielle Borough,3402507750,G3402507750,G340025007750
ATLANTIC,Brigantine City,3400107810,G3400107810,G340001007810
CAMDEN,Brooklawn Borough,3400708170,G3400708170,G340007008170
ATLANTIC,Buena Borough,3400108680,G3400108680,G340001008680
ATLANTIC,Buena Vista Township,3400108710,G3400108710,G340001008710
BURLINGTON,Burlington City,3400508920,G3400508920,G340005008920
BURLINGTON,Burlington Township,3400508950,G3400508950,G340005008950
MORRIS,Butler Borough,3402709040,G3402709040,G340027009040
SUSSEX,Byram Township,3403709160,G3403709160,G340037009160
ESSEX,Caldwell Borough,3401309250,G3401309250,G340013009250
HUNTERDON,Califon Borough,3401909280,G3401909280,G340019009280
CAMDEN,Camden City,3400710000,G3400710000,G340007010000
CAPE MAY,Cape May City,3400910270,G3400910270,G340009010270
CAPE MAY,Cape May Point Borough,3400910330,G3400910330,G340009010330
BERGEN,Carlstadt Borough,3400310480,G3400310480,G340003010480
SALEM,Carneys Point Township,3403310610,G3403310610,G340033010610
MIDDLESEX,Carteret Borough,3402310750,G3402310750,G340023010750
ESSEX,Cedar Grove Township,3401311200,G3401311200,G340013011200
MORRIS,Chatham Borough,3402712100,G3402712100,G340027012100
MORRIS,Chatham Township,3402712130,G3402712130,G340027012130
CAMDEN,Cherry Hill Township,3400712280,G3400712280,G340007012280
CAMDEN,Chesilhurst Borough,3400712550,G3400712550,G340007012550
MORRIS,Chester Borough,3402712580,G3402712580,G340027012580
MORRIS,Chester Township,3402712610,G3402712610,G340027012610
BURLINGTON,Chesterfield Township,3400512670,G3400512670,G340005012670
BURLINGTON,Cinnaminson Township,3400512940,G3400512940,G340005012940
ESSEX,City of Orange Township,3401313045,G3401313045,G340013013045
UNION,Clark Township,3403913150,G3403913150,G340039013150
GLOUCESTER,Clayton Borough,3401513360,G3401513360,G340015013360
CAMDEN,Clementon Borough,3400713420,G3400713420,G340007013420
BERGEN,Cliffside Park Borough,3400313570,G3400313570,G340003013570
PASSAIC,Clifton City,3403113690,G3403113690,G340031013690
HUNTERDON,Clinton Town,3401913720,G3401913720,G340019013720
HUNTERDON,Clinton Township,3401913750,G3401913750,G340019013750
BERGEN,Closter Borough,3400313810,G3400313810,G340003013810
CAMDEN,Collingswood Borough,3400714260,G3400714260,G340007014260
MONMOUTH,Colts Neck Township,3402514560,G3402514560,G340025014560
CUMBERLAND,Commercial Township,3401114710,G3401114710,G340011014710
ATLANTIC,Corbin City,3400115160,G3400115160,G340001015160
MIDDLESEX,Cranbury Township,3402315550,G3402315550,G340023015550
UNION,Cranford Township,3403915640,G3403915640,G340039015640
BERGEN,Cresskill Borough,3400315820,G3400315820,G340003015820
MONMOUTH,Deal Borough,3402516660,G3402516660,G340025016660
CUMBERLAND,Deerfield Township,3401116900,G3401116900,G340011016900
BURLINGTON,Delanco Township,3400517080,G3400517080,G340005017080
HUNTERDON,Delaware Township,3401917170,G3401917170,G340019017170
BURLINGTON,Delran Township,3400517440,G3400517440,G340005017440
BERGEN,Demarest Borough,3400317530,G3400317530,G340003017530
CAPE MAY,Dennis Township,3400917560,G3400917560,G340009017560
MORRIS,Denville Township,3402717650,G3402717650,G340027017650
GLOUCESTER,Deptford Township,3401517710,G3401517710,G340015017710
MORRIS,Dover Town,3402718070,G3402718070,G340027018070
CUMBERLAND,Downe Township,3401118220,G3401118220,G340011018220
BERGEN,Dumont Borough,3400318400,G3400318400,G340003018400
MIDDLESEX,Dunellen Borough,3402318490,G3402318490,G340023018490
OCEAN,Eagleswood Township,3402918670,G3402918670,G340029018670
HUNTERDON,East Amwell Township,3401918820,G3401918820,G340019018820
MIDDLESEX,East Brunswick Township,3402319000,G3402319000,G340023019000
GLOUCESTER,East Greenwich Township,3401519180,G3401519180,G340015019180
MORRIS,East Hanover Township,3402719210,G3402719210,G340027019210
HUDSON,East Newark Borough,3401719360,G3401719360,G340017019360
ESSEX,East Orange City,3401319390,G3401319390,G340013019390
BERGEN,East Rutherford Borough,3400319510,G3400319510,G340003019510
MERCER,East Windsor Township,3402119780,G3402119780,G340021019780
BURLINGTON,Eastampton Township,3400518790,G3400518790,G340005018790
MONMOUTH,Eatontown Borough,3402519840,G3402519840,G340025019840
BERGEN,Edgewater Borough,3400320020,G3400320020,G340003020020
BURLINGTON,Edgewater Park Township,3400520050,G3400520050,G340005020050
MIDDLESEX,Edison Township,3402320230,G3402320230,G340023020230
ATLANTIC,Egg Harbor City City,3400120350,G3400120350,G340001020350
ATLANTIC,Egg Harbor Township,3400120290,G3400120290,G340001020290
UNION,Elizabeth City,3403921000,G3403921000,G340039021000
GLOUCESTER,Elk Township,3401521060,G3401521060,G340015021060
SALEM,Elmer Borough,3403321240,G3403321240,G340033021240
BERGEN,Elmwood Park Borough,3400321300,G3400321300,G340003021300
SALEM,Elsinboro Township,3403321330,G3403321330,G340033021330
BERGEN,Emerson Borough,3400321450,G3400321450,G340003021450
BERGEN,Englewood City,3400321480,G3400321480,G340003021480
BERGEN,Englewood Cliffs Borough,3400321510,G3400321510,G340003021510
MONMOUTH,Englishtown Borough,3402521570,G3402521570,G340025021570
ESSEX,Essex Fells Borough,3401321840,G3401321840,G340013021840
ATLANTIC,Estell Manor City,3400121870,G3400121870,G340001021870
BURLINGTON,Evesham Township,3400522110,G3400522110,G340005022110
MERCER,Ewing Township,3402122185,G3402122185,G340021022185
MONMOUTH,Fair Haven Borough,3402522440,G3402522440,G340025022440
BERGEN,Fair Lawn Borough,3400322470,G3400322470,G340003022470
ESSEX,Fairfield Township,3401322385,G3401322385,G340013022385
CUMBERLAND,Fairfield Township,3401122350,G3401122350,G340011022350
BERGEN,Fairview Borough,3400322560,G3400322560,G340003022560
UNION,Fanwood Borough,3403922860,G3403922860,G340039022860
SOMERSET,Far Hills Borough,3403522890,G3403522890,G340035022890
MONMOUTH,Farmingdale Borough,3402522950,G3402522950,G340025022950
BURLINGTON,Fieldsboro Borough,3400523250,G3400523250,G340005023250
HUNTERDON,Flemington Borough,3401923700,G3401923700,G340019023700
BURLINGTON,Florence Township,3400523850,G3400523850,G340005023850
MORRIS,Florham Park Borough,3402723910,G3402723910,G340027023910
ATLANTIC,Folsom Borough,3400123940,G3400123940,G340001023940
BERGEN,Fort Lee Borough,3400324420,G3400324420,G340003024420
SUSSEX,Frankford Township,3403724810,G3403724810,G340037024810
SUSSEX,Franklin Borough,3403724930,G3403724930,G340037024930
BERGEN,Franklin Lakes Borough,3400324990,G3400324990,G340003024990
GLOUCESTER,Franklin Township,3401524840,G3401524840,G340015024840
SOMERSET,Franklin Township,3403524900,G3403524900,G340035024900
HUNTERDON,Franklin Township,3401924870,G3401924870,G340019024870
WARREN,Franklin Township,3404124960,G3404124960,G340041024960
SUSSEX,Fredon Township,3403725140,G3403725140,G340037025140
MONMOUTH,Freehold Borough,3402525200,G3402525200,G340025025200
MONMOUTH,Freehold Township,3402525230,G3402525230,G340025025230
WARREN,Frelinghuysen Township,3404125320,G3404125320,G340041025320
HUNTERDON,Frenchtown Borough,3401925350,G3401925350,G340019025350
ATLANTIC,Galloway Township,3400125560,G3400125560,G340001025560
BERGEN,Garfield City,3400325770,G3400325770,G340003025770
UNION,Garwood Borough,3403925800,G3403925800,G340039025800
CAMDEN,Gibbsboro Borough,3400726070,G3400726070,G340007026070
GLOUCESTER,Glassboro Borough,3401526340,G3401526340,G340015026340
HUNTERDON,Glen Gardner Borough,3401926550,G3401926550,G340019026550
ESSEX,Glen Ridge Borough,3401326610,G3401326610,G340013026610
BERGEN,Glen Rock Borough,3400326640,G3400326640,G340003026640
CAMDEN,Gloucester City City,3400726820,G3400726820,G340007026820
CAMDEN,Gloucester Township,3400726760,G3400726760,G340007026760
SOMERSET,Green Brook Township,3403527510,G3403527510,G340035027510
SUSSEX,Green Township,3403727420,G3403727420,G340037027420
CUMBERLAND,Greenwich Township,3401128170,G3401128170,G340011028170
GLOUCESTER,Greenwich Township,3401528185,G3401528185,G340015028185
WARREN,Greenwich Township,3404128260,G3404128260,G340041028260
HUDSON,Guttenberg Town,3401728650,G3401728650,G340017028650
BERGEN,Hackensack City,3400328680,G3400328680,G340003028680
WARREN,Hackettstown Town,3404128710,G3404128710,G340041028710
CAMDEN,Haddon Heights Borough,3400728800,G3400728800,G340007028800
CAMDEN,Haddon Township,3400728740,G3400728740,G340007028740
CAMDEN,Haddonfield Borough,3400728770,G3400728770,G340007028770
BURLINGTON,Hainesport Township,3400529010,G3400529010,G340005029010
PASSAIC,Haledon Borough,3403129070,G3403129070,G340031029070
SUSSEX,Hamburg Borough,3403729220,G3403729220,G340037029220
ATLANTIC,Hamilton Township,3400129280,G3400129280,G340001029280
MERCER,Hamilton Township,3402129310,G3402129310,G340021029310
ATLANTIC,Hammonton Town,3400129430,G3400129430,G340001029430
HUNTERDON,Hampton Borough,3401929460,G3401929460,G340019029460
SUSSEX,Hampton Township,3403729490,G3403729490,G340037029490
MORRIS,Hanover Township,3402729550,G3402729550,G340027029550
MORRIS,Harding Township,3402729700,G3402729700,G340027029700
WARREN,Hardwick Township,3404129820,G3404129820,G340041029820
SUSSEX,Hardyston Township,3403729850,G3403729850,G340037029850
WARREN,Harmony Township,3404130090,G3404130090,G340041030090
BERGEN,Harrington Park Borough,3400330150,G3400330150,G340003030150
HUDSON,Harrison Town,3401730210,G3401730210,G340017030210
GLOUCESTER,Harrison Township,3401530180,G3401530180,G340015030180
OCEAN,Harvey Cedars Borough,3402930390,G3402930390,G340029030390
BERGEN,Hasbrouck Heights Borough,3400330420,G3400330420,G340003030420
BERGEN,Haworth Borough,3400330540,G3400330540,G340003030540
PASSAIC,Hawthorne Borough,3403130570,G3403130570,G340031030570
MONMOUTH,Hazlet Township,3402530690,G3402530690,G340025030690
MIDDLESEX,Helmetta Borough,3402330840,G3402330840,G340023030840
CAMDEN,Hi-Nella Borough,3400732220,G3400732220,G340007032220
HUNTERDON,High Bridge Borough,3401931320,G3401931320,G340019031320
MIDDLESEX,Highland Park Borough,3402331470,G3402331470,G340023031470
MONMOUTH,Highlands Borough,3402531500,G3402531500,G340025031500
MERCER,Hightstown Borough,3402131620,G3402131620,G340021031620
SOMERSET,Hillsborough Township,3403531890,G3403531890,G340035031890
BERGEN,Hillsdale Borough,3400331920,G3400331920,G340003031920
UNION,Hillside Township,3403931980,G3403931980,G340039031980
BERGEN,Ho-Ho-Kus Borough,3400332310,G3400332310,G340003032310
HUDSON,Hoboken City,3401732250,G3401732250,G340017032250
HUNTERDON,Holland Township,3401932460,G3401932460,G340019032460
MONMOUTH,Holmdel Township,3402532640,G3402532640,G340025032640
SUSSEX,Hopatcong Borough,3403732910,G3403732910,G340037032910
WARREN,Hope Township,3404133060,G3404133060,G340041033060
MERCER,Hopewell Borough,3402133150,G3402133150,G340021033150
CUMBERLAND,Hopewell Township,3401133120,G3401133120,G340011033120
MERCER,Hopewell Township,3402133180,G3402133180,G340021033180
MONMOUTH,Howell Township,3402533300,G3402533300,G340025033300
WARREN,Independence Township,3404133930,G3404133930,G340041033930
MONMOUTH,Interlaken Borough,3402534200,G3402534200,G340025034200
ESSEX,Irvington Township,3401334450,G3401334450,G340013034450
OCEAN,Island Heights Borough,3402934530,G3402934530,G340029034530
OCEAN,Jackson Township,3402934680,G3402934680,G340029034680
MIDDLESEX,Jamesburg Borough,3402334890,G3402334890,G340023034890
MORRIS,Jefferson Township,3402734980,G3402734980,G340027034980
HUDSON,Jersey City City,3401736000,G3401736000,G340017036000
MONMOUTH,Keansburg Borough,3402536480,G3402536480,G340025036480
HUDSON,Kearny Town,3401736510,G3401736510,G340017036510
UNION,Kenilworth Borough,3403936690,G3403936690,G340039036690
MONMOUTH,Keyport Borough,3402536810,G3402536810,G340025036810
HUNTERDON,Kingwood Township,3401937065,G3401937065,G340019037065
MORRIS,Kinnelon Borough,3402737110,G3402737110,G340027037110
WARREN,Knowlton Township,3404137320,G3404137320,G340041037320
OCEAN,Lacey Township,3402937380,G3402937380,G340029037380
SUSSEX,Lafayette Township,3403737440,G3403737440,G340037037440
MONMOUTH,Lake Como Borough,3402537560,G3402537560,G340025037560
OCEAN,Lakehurst Borough,3402937770,G3402937770,G340029037770
OCEAN,Lakewood Township,3402938550,G3402938550,G340029038550
HUNTERDON,Lambertville City,3401938610,G3401938610,G340019038610
CAMDEN,Laurel Springs Borough,3400739210,G3400739210,G340007039210
OCEAN,Lavallette Borough,3402939390,G3402939390,G340029039390
CAMDEN,Lawnside Borough,3400739420,G3400739420,G340007039420
CUMBERLAND,Lawrence Township,3401139450,G3401139450,G340011039450
MERCER,Lawrence Township,3402139510,G3402139510,G340021039510
HUNTERDON,Lebanon Borough,3401939630,G3401939630,G340019039630
HUNTERDON,Lebanon Township,3401939660,G3401939660,G340019039660
BERGEN,Leonia Borough,3400340020,G3400340020,G340003040020
WARREN,Liberty Township,3404140110,G3404140110,G340041040110
MORRIS,Lincoln Park Borough,3402740290,G3402740290,G340027040290
UNION,Linden City,3403940350,G3403940350,G340039040350
CAMDEN,Lindenwold Borough,3400740440,G3400740440,G340007040440
ATLANTIC,Linwood City,3400140530,G3400140530,G340001040530
OCEAN,Little Egg Harbor Township,3402940560,G3402940560,G340029040560
PASSAIC,Little Falls Township,3403140620,G3403140620,G340031040620
BERGEN,Little Ferry Borough,3400340680,G3400340680,G340003040680
MONMOUTH,Little Silver Borough,3402540770,G3402540770,G340025040770
ESSEX,Livingston Township,3401340890,G3401340890,G340013040890
MONMOUTH,Loch Arbour Village,3402541010,G3402541010,G340025041010
BERGEN,Lodi Borough,3400341100,G3400341100,G340003041100
GLOUCESTER,Logan Township,3401541160,G3401541160,G340015041160
OCEAN,Long Beach Township,3402941250,G3402941250,G340029041250
MONMOUTH,Long Branch City,3402541310,G3402541310,G340025041310
MORRIS,Long Hill Township,3402741362,G3402741362,G340027041362
ATLANTIC,Longport Borough,3400141370,G3400141370,G340001041370
WARREN,Lopatcong Township,3404141490,G3404141490,G340041041490
SALEM,Lower Alloways Creek Township,3403341640,G3403341640,G340033041640
CAPE MAY,Lower Township,3400941610,G3400941610,G340009041610
BURLINGTON,Lumberton Township,3400542060,G3400542060,G340005042060
BERGEN,Lyndhurst Township,3400342090,G3400342090,G340003042090
MORRIS,Madison Borough,3402742510,G3402742510,G340027042510
CAMDEN,Magnolia Borough,3400742630,G3400742630,G340007042630
BERGEN,Mahwah Township,3400342750,G3400342750,G340003042750
MONMOUTH,Manalapan Township,3402542990,G3402542990,G340025042990
MONMOUTH,Manasquan Borough,3402543050,G3402543050,G340025043050
OCEAN,Manchester Township,3402943140,G3402943140,G340029043140
SALEM,Mannington Township,3403343200,G3403343200,G340033043200
BURLINGTON,Mansfield Township,3400543290,G3400543290,G340005043290
WARREN,Mansfield Township,3404143320,G3404143320,G340041043320
OCEAN,Mantoloking Borough,3402943380,G3402943380,G340029043380
GLOUCESTER,Mantua Township,3401543440,G3401543440,G340015043440
SOMERSET,Manville Borough,3403543620,G3403543620,G340035043620
BURLINGTON,Maple Shade Township,3400543740,G3400543740,G340005043740
ESSEX,Maplewood Township,3401343800,G3401343800,G340013043800
ATLANTIC,Margate City City,3400143890,G3400143890,G340001043890
MONMOUTH,Marlboro Township,3402544070,G3402544070,G340025044070
MONMOUTH,Matawan Borough,3402544520,G3402544520,G340025044520
CUMBERLAND,Maurice River Township,3401144580,G3401144580,G340011044580
BERGEN,Maywood Borough,3400344880,G3400344880,G340003044880
BURLINGTON,Medford Lakes Borough,3400545210,G3400545210,G340005045210
BURLINGTON,Medford Township,3400545120,G3400545120,G340005045120
MORRIS,Mendham Borough,3402745330,G3402745330,G340027045330
MORRIS,Mendham Township,3402745360,G3402745360,G340027045360
CAMDEN,Merchantville Borough,3400745510,G3400745510,G340007045510
MIDDLESEX,Metuchen Borough,3402345690,G3402345690,G340023045690
CAPE MAY,Middle Township,3400945810,G3400945810,G340009045810
MIDDLESEX,Middlesex Borough,3402345900,G3402345900,G340023045900
MONMOUTH,Middletown Township,3402545990,G3402545990,G340025045990
BERGEN,Midland Park Borough,3400346110,G3400346110,G340003046110
HUNTERDON,Milford Borough,3401946260,G3401946260,G340019046260
ESSEX,Millburn Township,3401346380,G3401346380,G340013046380
SOMERSET,Millstone Borough,3403546590,G3403546590,G340035046590
MONMOUTH,Millstone Township,3402546560,G3402546560,G340025046560
MIDDLESEX,Milltown Borough,3402346620,G3402346620,G340023046620
CUMBERLAND,Millville City,3401146680,G3401146680,G340011046680
MORRIS,Mine Hill Township,3402746860,G3402746860,G340027046860
MONMOUTH,Monmouth Beach Borough,3402547130,G3402547130,G340025047130
GLOUCESTER,Monroe Township,3401547250,G3401547250,G340015047250
MIDDLESEX,Monroe Township,3402347280,G3402347280,G340023047280
SUSSEX,Montague Township,3403747430,G3403747430,G340037047430
ESSEX,Montclair Township,3401347500,G3401347500,G340013047500
SOMERSET,Montgomery Township,3403547580,G3403547580,G340035047580
BERGEN,Montvale Borough,3400347610,G3400347610,G340003047610
MORRIS,Montville Township,3402747670,G3402747670,G340027047670
BERGEN,Moonachie Borough,3400347700,G3400347700,G340003047700
BURLINGTON,Moorestown Township,3400547880,G3400547880,G340005047880
MORRIS,Morris Plains Borough,3402748210,G3402748210,G340027048210
MORRIS,Morris Township,3402748090,G3402748090,G340027048090
MORRIS,Morristown Town,3402748300,G3402748300,G340027048300
MORRIS,Mount Arlington Borough,3402748690,G3402748690,G340027048690
CAMDEN,Mount Ephraim Borough,3400748750,G3400748750,G340007048750
BURLINGTON,Mount Holly Township,3400548900,G3400548900,G340005048900
BURLINGTON,Mount Laurel Township,3400549020,G3400549020,G340005049020
MORRIS,Mount Olive Township,3402749080,G3402749080,G340027049080
MORRIS,Mountain Lakes Borough,3402748480,G3402748480,G340027048480
UNION,Mountainside Borough,3403948510,G3403948510,G340039048510
ATLANTIC,Mullica Township,3400149410,G3400149410,G340001049410
GLOUCESTER,National Park Borough,3401549680,G3401549680,G340015049680
MONMOUTH,Neptune City Borough,3402549920,G3402549920,G340025049920
MONMOUTH,Neptune Township,3402549890,G3402549890,G340025049890
MORRIS,Netcong Borough,3402750130,G3402750130,G340027050130
MIDDLESEX,New Brunswick City,3402351210,G3402351210,G340023051210
BURLINGTON,New Hanover Township,3400551510,G3400551510,G340005051510
BERGEN,New Milford Borough,3400351660,G3400351660,G340003051660
UNION,New Providence Borough,3403951810,G3403951810,G340039051810
ESSEX,Newark City,3401351000,G3401351000,G340013051000
GLOUCESTER,Newfield Borough,3401551390,G3401551390,G340015051390
SUSSEX,Newton Town,3403751930,G3403751930,G340037051930
BERGEN,North Arlington Borough,3400352320,G3400352320,G340003052320
HUDSON,North Bergen Township,3401752470,G3401752470,G340017052470
MIDDLESEX,North Brunswick Township,3402352560,G3402352560,G340023052560
ESSEX,North Caldwell Borough,3401352620,G3401352620,G340013052620
PASSAIC,North Haledon Borough,3403153040,G3403153040,G340031053040
BURLINGTON,North Hanover Township,3400553070,G3400553070,G340005053070
SOMERSET,North Plainfield Borough,3403553280,G3403553280,G340035053280
CAPE MAY,North Wildwood City,3400953490,G3400953490,G340009053490
ATLANTIC,Northfield City,3400152950,G3400152950,G340001052950
BERGEN,Northvale Borough,3400353430,G3400353430,G340003053430
BERGEN,Norwood Borough,3400353610,G3400353610,G340003053610
ESSEX,Nutley Township,3401353680,G3401353680,G340013053680
BERGEN,Oakland Borough,3400353850,G3400353850,G340003053850
CAMDEN,Oaklyn Borough,3400753880,G3400753880,G340007053880
CAPE MAY,Ocean City City,3400954360,G3400954360,G340009054360
OCEAN,Ocean Gate Borough,3402954450,G3402954450,G340029054450
OCEAN,Ocean Township,3402954300,G3402954300,G340029054300
MONMOUTH,Ocean Township,3402554270,G3402554270,G340025054270
MONMOUTH,Oceanport Borough,3402554570,G3402554570,G340025054570
SUSSEX,Ogdensburg Borough,3403754660,G3403754660,G340037054660
MIDDLESEX,Old Bridge Township,3402354705,G3402354705,G340023054705
BERGEN,Old Tappan Borough,3400354870,G3400354870,G340003054870
SALEM,Oldmans Township,3403354810,G3403354810,G340033054810
BERGEN,Oradell Borough,3400354990,G3400354990,G340003054990
WARREN,Oxford Township,3404155530,G3404155530,G340041055530
BERGEN,Palisades Park Borough,3400355770,G3400355770,G340003055770
BURLINGTON,Palmyra Borough,3400555800,G3400555800,G340005055800
BERGEN,Paramus Borough,3400355950,G3400355950,G340003055950
BERGEN,Park Ridge Borough,3400356130,G3400356130,G340003056130
MORRIS,Parsippany-Troy Hills Township,3402756460,G3402756460,G340027056460
PASSAIC,Passaic City,3403156550,G3403156550,G340031056550
PASSAIC,Paterson City,3403157000,G3403157000,G340031057000
GLOUCESTER,Paulsboro Borough,3401557150,G3401557150,G340015057150
SOMERSET,Peapack-Gladstone Borough,3403557300,G3403557300,G340035057300
BURLINGTON,Pemberton Borough,3400557480,G3400557480,G340005057480
BURLINGTON,Pemberton Township,3400557510,G3400557510,G340005057510
MERCER,Pennington Borough,3402157600,G3402157600,G340021057600
SALEM,Penns Grove Borough,3403357750,G3403357750,G340033057750
CAMDEN,Pennsauken Township,3400757660,G3400757660,G340007057660
SALEM,Pennsville Township,3403357870,G3403357870,G340033057870
MORRIS,Pequannock Township,3402758110,G3402758110,G340027058110
MIDDLESEX,Perth Amboy City,3402358200,G3402358200,G340023058200
WARREN,Phillipsburg Town,3404158350,G3404158350,G340041058350
SALEM,Pilesgrove Township,3403358530,G3403358530,G340033058530
OCEAN,Pine Beach Borough,3402958590,G3402958590,G340029058590
CAMDEN,Pine Hill Borough,3400758770,G3400758770,G340007058770
CAMDEN,Pine Valley Borough,3400758920,G3400758920,G340007058920
MIDDLESEX,Piscataway Township,3402359010,G3402359010,G340023059010
GLOUCESTER,Pitman Borough,3401559070,G3401559070,G340015059070
SALEM,Pittsgrove Township,3403359130,G3403359130,G340033059130
UNION,Plainfield City,3403959190,G3403959190,G340039059190
MIDDLESEX,Plainsboro Township,3402359280,G3402359280,G340023059280
ATLANTIC,Pleasantville City,3400159640,G3400159640,G340001059640
OCEAN,Plumsted Township,3402959790,G3402959790,G340029059790
WARREN,Pohatcong Township,3404159820,G3404159820,G340041059820
OCEAN,Point Pleasant Beach Borough,3402959910,G3402959910,G340029059910
OCEAN,Point Pleasant Borough,3402959880,G3402959880,G340029059880
PASSAIC,Pompton Lakes Borough,3403160090,G3403160090,G340031060090
ATLANTIC,Port Republic City,3400160600,G3400160600,G340001060600
MERCER,Princeton Borough,3402160900,G3402160900,G340021060900
PASSAIC,Prospect Park Borough,3403161170,G3403161170,G340031061170
SALEM,Quinton Township,3403361470,G3403361470,G340033061470
UNION,Rahway City,3403961530,G3403961530,G340039061530
BERGEN,Ramsey Borough,3400361680,G3400361680,G340003061680
MORRIS,Randolph Township,3402761890,G3402761890,G340027061890
SOMERSET,Raritan Borough,3403561980,G3403561980,G340035061980
HUNTERDON,Raritan Township,3401961920,G3401961920,G340019061920
HUNTERDON,Readington Township,3401962250,G3401962250,G340019062250
MONMOUTH,Red Bank Borough,3402562430,G3402562430,G340025062430
BERGEN,Ridgefield Borough,3400362910,G3400362910,G340003062910
BERGEN,Ridgefield Park Village,3400362940,G3400362940,G340003062940
BERGEN,Ridgewood Village,3400363000,G3400363000,G340003063000
PASSAIC,Ringwood Borough,3403163150,G3403163150,G340031063150
BERGEN,River Edge Borough,3400363360,G3400363360,G340003063360
BERGEN,River Vale Township,3400363690,G3400363690,G340003063690
MORRIS,Riverdale Borough,3402763300,G3402763300,G340027063300
BURLINGTON,Riverside Township,3400563510,G3400563510,G340005063510
BURLINGTON,Riverton Borough,3400563660,G3400563660,G340005063660
MERCER,Robbinsville Township,3402163850,G3402163850,G340021063850
BERGEN,Rochelle Park Township,3400363990,G3400363990,G340003063990
MORRIS,Rockaway Borough,3402764050,G3402764050,G340027064050
MORRIS,Rockaway Township,3402764080,G3402764080,G340027064080
BERGEN,Rockleigh Borough,3400364170,G3400364170,G340003064170
SOMERSET,Rocky Hill Borough,3403564320,G3403564320,G340035064320
MONMOUTH,Roosevelt Borough,3402564410,G3402564410,G340025064410
ESSEX,Roseland Borough,3401364590,G3401364590,G340013064590
UNION,Roselle Borough,3403964620,G3403964620,G340039064620
UNION,Roselle Park Borough,3403964650,G3403964650,G340039064650
MORRIS,Roxbury Township,3402764980,G3402764980,G340027064980
MONMOUTH,Rumson Borough,3402565130,G3402565130,G340025065130
CAMDEN,Runnemede Borough,3400765160,G3400765160,G340007065160
BERGEN,Rutherford Borough,3400365280,G3400365280,G340003065280
BERGEN,Saddle Brook Township,3400365340,G3400365340,G340003065340
BERGEN,Saddle River Borough,3400365400,G3400365400,G340003065400
SALEM,Salem City,3403365490,G3403365490,G340033065490
SUSSEX,Sandyston Township,3403765700,G3403765700,G340037065700
MIDDLESEX,Sayreville Borough,3402365790,G3402365790,G340023065790
UNION,Scotch Plains Township,3403966060,G3403966060,G340039066060
MONMOUTH,Sea Bright Borough,3402566240,G3402566240,G340025066240
MONMOUTH,Sea Girt Borough,3402566330,G3402566330,G340025066330
CAPE MAY,Sea Isle City City,3400966390,G3400966390,G340009066390
OCEAN,Seaside Heights Borough,3402966450,G3402966450,G340029066450
OCEAN,Seaside Park Borough,3402966480,G3402966480,G340029066480
HUDSON,Secaucus Town,3401766570,G3401766570,G340017066570
BURLINGTON,Shamong Township,3400566810,G3400566810,G340005066810
CUMBERLAND,Shiloh Borough,3401167020,G3401167020,G340011067020
OCEAN,Ship Bottom Borough,3402967110,G3402967110,G340029067110
MONMOUTH,Shrewsbury Borough,3402567350,G3402567350,G340025067350
MONMOUTH,Shrewsbury Township,3402567365,G3402567365,G340025067365
CAMDEN,Somerdale Borough,3400768340,G3400768340,G340007068340
ATLANTIC,Somers Point City,3400168430,G3400168430,G340001068430
SOMERSET,Somerville Borough,3403568460,G3403568460,G340035068460
MIDDLESEX,South Amboy City,3402368550,G3402368550,G340023068550
SOMERSET,South Bound Brook Borough,3403568730,G3403568730,G340035068730
MIDDLESEX,South Brunswick Township,3402368790,G3402368790,G340023068790
BERGEN,South Hackensack Township,3400368970,G3400368970,G340003068970
GLOUCESTER,South Harrison Township,3401569030,G3401569030,G340015069030
ESSEX,South Orange Village Township,3401369274,G3401369274,G340013069274
MIDDLESEX,South Plainfield Borough,3402369390,G3402369390,G340023069390
MIDDLESEX,South River Borough,3402369420,G3402369420,G340023069420
OCEAN,South Toms River Borough,3402969510,G3402969510,G340029069510
BURLINGTON,Southampton Township,3400568610,G3400568610,G340005068610
SUSSEX,Sparta Township,3403769690,G3403769690,G340037069690
MIDDLESEX,Spotswood Borough,3402369810,G3402369810,G340023069810
MONMOUTH,Spring Lake Borough,3402570110,G3402570110,G340025070110
MONMOUTH,Spring Lake Heights Borough,3402570140,G3402570140,G340025070140
BURLINGTON,Springfield Township,3400569990,G3400569990,G340005069990
UNION,Springfield Township,3403970020,G3403970020,G340039070020
OCEAN,Stafford Township,3402970320,G3402970320,G340029070320
SUSSEX,Stanhope Borough,3403770380,G3403770380,G340037070380
SUSSEX,Stillwater Township,3403770890,G3403770890,G340037070890
HUNTERDON,Stockton Borough,3401970980,G3401970980,G340019070980
CAPE MAY,Stone Harbor Borough,3400971010,G3400971010,G340009071010
CUMBERLAND,Stow Creek Township,3401171160,G3401171160,G340011071160
CAMDEN,Stratford Borough,3400771220,G3400771220,G340007071220
UNION,Summit City,3403971430,G3403971430,G340039071430
OCEAN,Surf City Borough,3402971640,G3402971640,G340029071640
SUSSEX,Sussex Borough,3403771670,G3403771670,G340037071670
GLOUCESTER,Swedesboro Borough,3401571850,G3401571850,G340015071850
BURLINGTON,Tabernacle Township,3400572060,G3400572060,G340005072060
CAMDEN,Tavistock Borough,3400772240,G3400772240,G340007072240
BERGEN,Teaneck Township,3400372360,G3400372360,G340003072360
BERGEN,Tenafly Borough,3400372420,G3400372420,G340003072420
BERGEN,Teterboro Borough,3400372480,G3400372480,G340003072480
HUNTERDON,Tewksbury Township,3401972510,G3401972510,G340019072510
MONMOUTH,Tinton Falls Borough,3402573020,G3402573020,G340025073020
OCEAN,Toms River Township,3402973125,G3402973125,G340029073125
PASSAIC,Totowa Borough,3403173140,G3403173140,G340031073140
MERCER,Trenton City,3402174000,G3402174000,G340021074000
OCEAN,Tuckerton Borough,3402974210,G3402974210,G340029074210
MONMOUTH,Union Beach Borough,3402574540,G3402574540,G340025074540
HUDSON,Union City City,3401774630,G3401774630,G340017074630
HUNTERDON,Union Township,3401974420,G3401974420,G340019074420
UNION,Union Township,3403974480,G3403974480,G340039074480
CUMBERLAND,Upper Deerfield Township,3401174870,G3401174870,G340011074870
MONMOUTH,Upper Freehold Township,3402574900,G3402574900,G340025074900
SALEM,Upper Pittsgrove Township,3403375110,G3403375110,G340033075110
BERGEN,Upper Saddle River Borough,3400375140,G3400375140,G340003075140
CAPE MAY,Upper Township,3400974810,G3400974810,G340009074810
ATLANTIC,Ventnor City City,3400175620,G3400175620,G340001075620
SUSSEX,Vernon Township,3403775740,G3403775740,G340037075740
ESSEX,Verona Township,3401375815,G3401375815,G340013075815
MORRIS,Victory Gardens Borough,3402775890,G3402775890,G340027075890
CUMBERLAND,Vineland City,3401176070,G3401176070,G340011076070
CAMDEN,Voorhees Township,3400776220,G3400776220,G340007076220
BERGEN,Waldwick Borough,3400376400,G3400376400,G340003076400
MONMOUTH,Wall Township,3402576460,G3402576460,G340025076460
BERGEN,Wallington Borough,3400376490,G3400376490,G340003076490
SUSSEX,Walpack Township,3403776640,G3403776640,G340037076640
PASSAIC,Wanaque Borough,3403176730,G3403176730,G340031076730
SUSSEX,Wantage Township,3403776790,G3403776790,G340037076790
SOMERSET,Warren Township,3403576940,G3403576940,G340035076940
WARREN,Washington Borough,3404177270,G3404177270,G340041077270
BURLINGTON,Washington Township,3400577150,G3400577150,G340005077150
GLOUCESTER,Washington Township,3401577180,G3401577180,G340015077180
WARREN,Washington Township,3404177300,G3404177300,G340041077300
BERGEN,Washington Township,3400377135,G3400377135,G340003077135
MORRIS,Washington Township,3402777240,G3402777240,G340027077240
SOMERSET,Watchung Borough,3403577600,G3403577600,G340035077600
CAMDEN,Waterford Township,3400777630,G3400777630,G340007077630
PASSAIC,Wayne Township,3403177840,G3403177840,G340031077840
HUDSON,Weehawken Township,3401777930,G3401777930,G340017077930
GLOUCESTER,Wenonah Borough,3401578110,G3401578110,G340015078110
HUNTERDON,West Amwell Township,3401978230,G3401978230,G340019078230
ESSEX,West Caldwell Township,3401378510,G3401378510,G340013078510
CAPE MAY,West Cape May Borough,3400978530,G3400978530,G340009078530
GLOUCESTER,West Deptford Township,3401578800,G3401578800,G340015078800
MONMOUTH,West Long Branch Borough,3402579310,G3402579310,G340025079310
PASSAIC,West Milford Township,3403179460,G3403179460,G340031079460
HUDSON,West New York Town,3401779610,G3401779610,G340017079610
ESSEX,West Orange Township,3401379800,G3401379800,G340013079800
CAPE MAY,West Wildwood Borough,3400980210,G3400980210,G340009080210
MERCER,West Windsor Township,3402180240,G3402180240,G340021080240
BURLINGTON,Westampton Township,3400578200,G3400578200,G340005078200
UNION,Westfield Town,3403979040,G3403979040,G340039079040
GLOUCESTER,Westville Borough,3401580120,G3401580120,G340015080120
BERGEN,Westwood Borough,3400380270,G3400380270,G340003080270
ATLANTIC,Weymouth Township,3400180330,G3400180330,G340001080330
MORRIS,Wharton Borough,3402780390,G3402780390,G340027080390
WARREN,White Township,3404180570,G3404180570,G340041080570
CAPE MAY,Wildwood City,3400981170,G3400981170,G340009081170
CAPE MAY,Wildwood Crest Borough,3400981200,G3400981200,G340009081200
BURLINGTON,Willingboro Township,3400581440,G3400581440,G340005081440
UNION,Winfield Township,3403981650,G3403981650,G340039081650
CAMDEN,Winslow Township,3400781740,G3400781740,G340007081740
BERGEN,Wood-Ridge Borough,3400382570,G3400382570,G340003082570
CAPE MAY,Woodbine Borough,3400981890,G3400981890,G340009081890
MIDDLESEX,Woodbridge Township,3402382000,G3402382000,G340023082000
GLOUCESTER,Woodbury City,3401582120,G3401582120,G340015082120
GLOUCESTER,Woodbury Heights Borough,3401582180,G3401582180,G340015082180
BERGEN,Woodcliff Lake Borough,3400382300,G3400382300,G340003082300
PASSAIC,Woodland Park Borough,3403182423,G3403182423,G340031082423
BURLINGTON,Woodland Township,3400582420,G3400582420,G340005082420
CAMDEN,Woodlynne Borough,3400782450,G3400782450,G340007082450
SALEM,Woodstown Borough,3403382720,G3403382720,G340033082720
GLOUCESTER,Woolwich Township,3401582840,G3401582840,G340015082840
BURLINGTON,Wrightstown Borough,3400582960,G3400582960,G340005082960
BERGEN,Wyckoff Township,3400383050,G3400383050,G340003083050